date,symbol,exchange,passed,failed_criteria,close,rs_percentile
2026-08-12,AAL.L,LSE,True,,4021.0,90.4
2026-08-12,AALB.AS,EURONEXT_AMSTERDAM,True,,44.34,93.5
2026-08-12,ABN.AS,EURONEXT_AMSTERDAM,True,,39.8,93.8
2026-08-12,ACA.PA,EURONEXT_PARIS,True,,20.02,75.5
2026-08-12,ADM.L,LSE,True,,3720.0,74.9
2026-08-12,AGN.AS,EURONEXT_AMSTERDAM,True,,8.206,80.9
2026-08-12,AGS.BR,EURONEXT_BRUSSELS,True,,72.7,76.2
2026-08-12,AKER.OL,OSLO,True,,1394.0,99.7
2026-08-12,AKRBP.OL,OSLO,True,,343.8,92.5
2026-08-12,ALFA.ST,OMX_STOCKHOLM,True,,564.2,73.4
2026-08-12,ALV.DE,XETRA,True,,435.7,76.5
2026-08-12,ANTO.L,LSE,True,,4025.0,91.5
2026-08-12,ASML.AS,EURONEXT_AMSTERDAM,True,,1554.0,99.5
2026-08-12,ATCO-A.ST,OMX_STOCKHOLM,True,,211.5,79.6
2026-08-12,BAER.SW,SIX,True,,75.64,82.2
2026-08-12,BAMI.MI,BORSA_ITALIANA,True,,16.955,94.3
2026-08-12,BAMNB.AS,EURONEXT_AMSTERDAM,True,,11.75,92.0
2026-08-12,BAYN.DE,XETRA,True,,48.95,94.8
2026-08-12,BEZ.L,LSE,True,,1293.0,74.7
2026-08-12,BMPS.MI,BORSA_ITALIANA,True,,11.946,96.6
2026-08-12,BNP.PA,EURONEXT_PARIS,True,,111.72,91.2
2026-08-12,BNZL.L,LSE,True,,2806.0,79.1
2026-08-12,BPE.MI,BORSA_ITALIANA,True,,14.496,92.2
2026-08-12,CAST.ST,OMX_STOCKHOLM,True,,135.5,74.4
2026-08-12,CLN.SW,SIX,True,,10.04,87.3
2026-08-12,DANSKE.CO,OMX_COPENHAGEN,True,,371.9,88.4
2026-08-12,DB1.DE,XETRA,True,,274.0,81.9
2026-08-12,DCC.L,LSE,True,,6370.0,83.5
2026-08-12,DEMANT.CO,OMX_COPENHAGEN,True,,284.2,86.8
2026-08-12,DHL.DE,XETRA,True,,55.32,75.2
2026-08-12,DPLM.L,LSE,True,,7540.0,90.2
2026-08-12,DSFIR.AS,EURONEXT_AMSTERDAM,True,,93.04,84.8
2026-08-12,EDEN.PA,EURONEXT_PARIS,True,,28.06,95.1
2026-08-12,EMSN.SW,SIX,True,,803.5,89.7
2026-08-12,ENI.MI,BORSA_ITALIANA,True,,24.05,95.3
2026-08-12,EQNR.OL,OSLO,True,,390.2,96.9
2026-08-12,EVK.DE,XETRA,True,,18.02,73.6
2026-08-12,FBK.MI,BORSA_ITALIANA,True,,24.6,80.4
2026-08-12,G.MI,BORSA_ITALIANA,True,,44.01,85.3
2026-08-12,GALP.LS,EURONEXT_LISBON,True,,20.55,71.6
2026-08-12,GLE.PA,EURONEXT_PARIS,True,,83.62,84.0
2026-08-12,GLEN.L,LSE,True,,574.2,94.1
2026-08-12,GTT.PA,EURONEXT_PARIS,True,,203.2,71.1
2026-08-12,HSBA.L,LSE,True,,1524.2,86.0
2026-08-12,INGA.AS,EURONEXT_AMSTERDAM,True,,30.68,87.9
2026-08-12,INVE-B.ST,OMX_STOCKHOLM,True,,419.35,81.4
2026-08-12,ISP.MI,BORSA_ITALIANA,True,,6.837,76.7
2026-08-12,ISS.CO,OMX_COPENHAGEN,True,,285.0,83.7
2026-08-12,JYSK.CO,OMX_COPENHAGEN,True,,1035.0,82.9
2026-08-12,LOTB.BR,EURONEXT_BRUSSELS,True,,12300.0,88.1
2026-08-12,MB.MI,BORSA_ITALIANA,True,,28.73,97.7
2026-08-12,MRK.DE,XETRA,True,,140.0,72.4
2026-08-12,MT.AS,EURONEXT_AMSTERDAM,True,,64.18,99.0
2026-08-12,NESTE.HE,OMX_HELSINKI,True,,29.62,98.7
2026-08-12,NN.AS,EURONEXT_AMSTERDAM,True,,77.94,80.1
2026-08-12,OUT1V.HE,OMX_HELSINKI,True,,5.73,93.0
2026-08-12,RIO.L,LSE,True,,7497.0,81.1
2026-08-12,ROR.L,LSE,True,,486.4,89.4
2026-08-12,RR.L,LSE,True,,1533.0,82.7
2026-08-12,RWE.DE,XETRA,True,,57.52,82.4
2026-08-12,RXL.PA,EURONEXT_PARIS,True,,37.46,70.8
2026-08-12,SEB-A.ST,OMX_STOCKHOLM,True,,220.9,79.3
2026-08-12,SGRO.L,LSE,True,,952.0,85.5
2026-08-12,SHB-A.ST,OMX_STOCKHOLM,True,,146.6,78.6
2026-08-12,SSAB-A.ST,OMX_STOCKHOLM,True,,102.75,96.4
2026-08-12,STAN.L,LSE,True,,2218.0,87.1
2026-08-12,STB.OL,OSLO,True,,203.6,79.8
2026-08-12,SU.PA,EURONEXT_PARIS,True,,305.75,77.3
2026-08-12,SUBC.OL,OSLO,True,,335.4,98.4
2026-08-12,SW.PA,EURONEXT_PARIS,True,,57.4,75.7
2026-08-12,SWED-A.ST,OMX_STOCKHOLM,True,,377.5,85.0
2026-08-12,SY1.DE,XETRA,True,,90.9,73.1
2026-08-12,TTE.PA,EURONEXT_PARIS,True,,76.59,89.9
2026-08-12,TYRES.HE,OMX_HELSINKI,True,,14.59,97.4
2026-08-12,UBSG.SW,SIX,True,,43.65,91.0
2026-08-12,UCG.MI,BORSA_ITALIANA,True,,84.84,77.8
2026-08-12,UMI.BR,EURONEXT_BRUSSELS,True,,23.9,92.8
2026-08-12,UNI.MI,BORSA_ITALIANA,True,,28.48,97.2
2026-08-12,VOLV-B.ST,OMX_STOCKHOLM,True,,350.0,70.0
2026-08-12,WCH.DE,XETRA,True,,93.8,77.5
2026-08-12,AAK.ST,OMX_STOCKHOLM,False,c1|c2|c3|c4|c5|c6|c7|c8,197.7,5.7
2026-08-12,ABBN.SW,SIX,False,c5,82.64,89.1
2026-08-12,ABF.L,LSE,False,c2|c3|c6|c8,2073.0,27.4
2026-08-12,ABI.BR,EURONEXT_BRUSSELS,False,c5|c8,69.94,69.8
2026-08-12,AC.PA,EURONEXT_PARIS,False,c2|c5|c6|c8,46.44,34.4
2026-08-12,ACKB.BR,EURONEXT_BRUSSELS,False,c1|c5|c6|c8,264.0,51.2
2026-08-12,AD.AS,EURONEXT_AMSTERDAM,False,c1|c3|c4|c5|c6|c8,32.14,15.0
2026-08-12,ADDT-B.ST,OMX_STOCKHOLM,False,c6|c8,345.4,42.9
2026-08-12,ADEN.SW,SIX,False,c2|c4|c8,23.14,38.8
2026-08-12,ADP.PA,EURONEXT_PARIS,False,c2|c3|c6|c8,114.4,31.8
2026-08-12,ADS.DE,XETRA,False,c2|c3|c5|c6|c8,162.2,38.5
2026-08-12,ADYEN.AS,EURONEXT_AMSTERDAM,False,c1|c2|c3|c4|c6|c7|c8,929.9,2.1
2026-08-12,AED.BR,EURONEXT_BRUSSELS,False,c1|c5|c6|c8,68.0,34.9
2026-08-12,AFX.DE,XETRA,False,c2|c3|c4|c7|c8,31.08,22.7
2026-08-12,AI.PA,EURONEXT_PARIS,False,c5|c6|c8,171.68,56.3
2026-08-12,AIR.PA,EURONEXT_PARIS,False,c2|c8,212.5,56.8
2026-08-12,AKE.PA,EURONEXT_PARIS,False,c8,62.3,49.4
2026-08-12,AKZA.AS,EURONEXT_AMSTERDAM,False,c8,62.54,52.7
2026-08-12,ALC.SW,SIX,False,c2|c3|c4|c6|c8,59.22,21.4
2026-08-12,ALO.PA,EURONEXT_PARIS,False,c1|c2|c3|c4|c6|c7|c8,16.38,0.3
2026-08-12,AMBU-B.CO,OMX_COPENHAGEN,False,c1|c2|c3|c4|c6|c7|c8,74.0,6.2
2026-08-12,AMG.AS,EURONEXT_AMSTERDAM,False,c1|c3|c4|c8,33.2,57.6
2026-08-12,AMP.MI,BORSA_ITALIANA,False,c2|c3|c4|c8,12.3,13.4
2026-08-12,ARCAD.AS,EURONEXT_AMSTERDAM,False,c2|c3|c8,42.78,62.3
2026-08-12,ARGX.BR,EURONEXT_BRUSSELS,False,c2|c5|c8,749.0,57.4
2026-08-12,ASM.AS,EURONEXT_AMSTERDAM,False,c5,880.0,96.1
2026-08-12,ASRNL.AS,EURONEXT_AMSTERDAM,False,c6|c8,70.5,69.3
2026-08-12,ASSA-B.ST,OMX_STOCKHOLM,False,c2|c4|c6|c8,361.5,34.1
2026-08-12,AUTO.L,LSE,False,c1|c2|c3|c4|c6|c7|c8,528.6,14.5
2026-08-12,AV.L,LSE,False,c2|c6|c8,697.0,46.5
2026-08-12,AZN.L,LSE,False,c1|c3|c4|c5|c6|c8,11844.0,16.5
2026-08-12,BA.L,LSE,False,c4,2230.0,70.3
2026-08-12,BAKKA.OL,OSLO,False,c2|c3|c4|c6|c8,467.8,32.3
2026-08-12,BARC.L,LSE,False,c8,516.0,68.2
2026-08-12,BAS.DE,XETRA,False,c6|c8,51.26,60.7
2026-08-12,BATS.L,LSE,False,c1|c5|c6|c8,4202.0,25.8
2026-08-12,BAVA.CO,OMX_COPENHAGEN,False,c1|c2|c3|c4|c5|c6|c7|c8,177.1,6.7
2026-08-12,BC.MI,BORSA_ITALIANA,False,c2|c3|c8,91.78,43.4
2026-08-12,BC8.DE,XETRA,False,c2|c3|c4|c8,36.0,30.2
2026-08-12,BEI.DE,XETRA,False,c1|c2|c3|c4|c6|c7|c8,79.78,6.5
2026-08-12,BEIJ-B.ST,OMX_STOCKHOLM,False,c1|c2|c3|c4|c6|c8,136.7,23.8
2026-08-12,BESI.AS,EURONEXT_AMSTERDAM,False,c5|c7,225.0,95.6
2026-08-12,BILL.ST,OMX_STOCKHOLM,False,c2|c3|c4|c6|c8,77.15,26.9
2026-08-12,BKG.L,LSE,False,c1|c2|c3|c4|c6|c8,3556.0,12.9
2026-08-12,BKW.SW,SIX,False,c1|c2|c3|c4|c5|c6|c7|c8,131.4,8.3
2026-08-12,BLND.L,LSE,False,c8,435.6,56.1
2026-08-12,BMW.DE,XETRA,False,c1|c2|c3|c4|c5|c6|c7|c8,60.12,1.8
2026-08-12,BN.PA,EURONEXT_PARIS,False,c1|c2|c3|c5|c6|c8,67.3,24.3
2026-08-12,BOL.ST,OMX_STOCKHOLM,False,c1|c4|c7|c8,529.8,65.4
2026-08-12,BOSS.DE,XETRA,False,c2|c3|c6|c8,37.85,32.8
2026-08-12,BP.L,LSE,False,c4|c8,535.9,68.5
2026-08-12,BRBY.L,LSE,False,c2|c3|c4|c6|c8,1170.0,27.6
2026-08-12,BUCN.SW,SIX,False,c1|c2|c3|c4|c5|c6|c8,310.5,11.6
2026-08-12,BVI.PA,EURONEXT_PARIS,False,c6|c8,28.13,41.1
2026-08-12,BZU.MI,BORSA_ITALIANA,False,c1|c2|c3|c4|c5|c6|c8,41.59,12.7
2026-08-12,CA.PA,EURONEXT_PARIS,False,c5,15.685,72.6
2026-08-12,CAP.PA,EURONEXT_PARIS,False,c1|c2|c3|c4|c6|c7|c8,109.5,23.0
2026-08-12,CARL-B.CO,OMX_COPENHAGEN,False,c6|c8,924.2,58.7
2026-08-12,CBK.DE,XETRA,False,c8,39.2,64.9
2026-08-12,CCH.L,LSE,False,c5|c8,4614.0,58.4
2026-08-12,CFR.SW,SIX,False,c2,193.7,80.6
2026-08-12,COLO-B.CO,OMX_COPENHAGEN,False,c1|c2|c3|c4|c6|c7|c8,440.4,5.9
2026-08-12,CON.DE,XETRA,False,c5|c8,68.84,50.6
2026-08-12,COV.PA,EURONEXT_PARIS,False,c1|c3|c4|c6|c8,52.05,30.7
2026-08-12,CPR.MI,BORSA_ITALIANA,False,c4|c6|c8,5.996,22.2
2026-08-12,CRDA.L,LSE,False,c8,3274.0,58.9
2026-08-12,CS.PA,EURONEXT_PARIS,False,c6,44.83,71.8
2026-08-12,DBK.DE,XETRA,False,c2|c8,33.17,52.2
2026-08-12,DG.PA,EURONEXT_PARIS,False,c1|c4|c5|c6|c8,123.3,29.5
2026-08-12,DGE.L,LSE,False,c2|c3|c4|c6|c8,1766.0,20.7
2026-08-12,DIA.MI,BORSA_ITALIANA,False,c3|c8,76.58,49.6
2026-08-12,DNB.OL,OSLO,False,c6|c8,306.3,64.1
2026-08-12,DSV.CO,OMX_COPENHAGEN,False,c1|c4|c5|c6|c7|c8,1349.5,9.8
2026-08-12,DSY.PA,EURONEXT_PARIS,False,c2|c3|c4|c7|c8,22.1,21.2
2026-08-12,DTE.DE,XETRA,False,c1|c3|c4|c6|c8,28.56,33.6
2026-08-12,DTG.DE,XETRA,False,c8,46.24,67.2
2026-08-12,EDPR.LS,EURONEXT_LISBON,False,c5|c8,13.51,60.5
2026-08-12,EL.PA,EURONEXT_PARIS,False,c1|c2|c3|c4|c6|c7|c8,171.75,0.5
2026-08-12,ELI.BR,EURONEXT_BRUSSELS,False,c5|c8,130.8,66.4
2026-08-12,ELISA.HE,OMX_HELSINKI,False,c1|c3|c4|c5|c6|c8,35.0,13.2
2026-08-12,EN.PA,EURONEXT_PARIS,False,c1|c5|c8,47.4,54.0
2026-08-12,ENEL.MI,BORSA_ITALIANA,False,c8,9.847,59.2
2026-08-12,ENGI.PA,EURONEXT_PARIS,False,c5,26.26,70.5
2026-08-12,ENR.DE,XETRA,False,c4,158.56,77.0
2026-08-12,ENT.L,LSE,False,c1|c2|c3|c4|c5|c6|c7|c8,554.8,3.6
2026-08-12,EOAN.DE,XETRA,False,c8,19.02,60.2
2026-08-12,EPI-A.ST,OMX_STOCKHOLM,False,c5|c8,255.3,58.1
2026-08-12,EQT.ST,OMX_STOCKHOLM,False,c2|c3|c4|c8,346.9,54.8
2026-08-12,ERF.PA,EURONEXT_PARIS,False,c6|c8,69.9,53.5
2026-08-12,ERG.MI,BORSA_ITALIANA,False,c5|c6|c8,22.26,46.3
2026-08-12,ERIC-B.ST,OMX_STOCKHOLM,False,c1|c5|c8,96.2,48.1
2026-08-12,ESSITY-B.ST,OMX_STOCKHOLM,False,c6|c8,278.0,49.9
2026-08-12,EVD.DE,XETRA,False,c1|c2|c3|c4|c6|c7|c8,58.35,4.1
2026-08-12,EVO.ST,OMX_STOCKHOLM,False,c2|c3|c8,740.2,64.3
2026-08-12,EXO.AS,EURONEXT_AMSTERDAM,False,c2|c3|c4|c6|c8,71.0,19.6
2026-08-12,EXPN.L,LSE,False,c1|c2|c3|c4|c6|c7|c8,2874.0,25.6
2026-08-12,EZJ.L,LSE,False,c2,673.6,90.7
2026-08-12,FLS.CO,OMX_COPENHAGEN,False,c4|c8,508.5,40.8
2026-08-12,FME.DE,XETRA,False,c2|c3|c6|c8,41.81,44.4
2026-08-12,FNTN.DE,XETRA,False,c1|c2|c3|c4|c5|c6|c8,23.72,12.4
2026-08-12,FORTUM.HE,OMX_HELSINKI,False,c1|c4|c5|c8,19.915,57.1
2026-08-12,FPE3.DE,XETRA,False,c6|c8,40.08,43.7
2026-08-12,FRA.DE,XETRA,False,c1|c3|c4|c5|c6|c8,66.35,11.1
2026-08-12,FRE.DE,XETRA,False,c2|c3|c4|c8,47.15,33.9
2026-08-12,FRES.L,LSE,False,c1|c4|c7|c8,2948.0,57.9
2026-08-12,FRO.OL,OSLO,False,c5,358.3,94.6
2026-08-12,G24.DE,XETRA,False,c2|c3|c4|c6|c7|c8,76.75,14.0
2026-08-12,GALE.SW,SIX,False,c1|c4|c5|c6|c8,81.6,16.0
2026-08-12,GAW.L,LSE,False,c5|c8,19230.0,67.4
2026-08-12,GBLB.BR,EURONEXT_BRUSSELS,False,c1|c5|c6|c8,76.8,39.3
2026-08-12,GEBN.SW,SIX,False,c1|c2|c3|c4|c6|c8,557.0,16.3
2026-08-12,GETI-B.ST,OMX_STOCKHOLM,False,c2|c8,239.0,66.9
2026-08-12,GFC.PA,EURONEXT_PARIS,False,c2|c3|c6|c8,74.65,31.5
2026-08-12,GIVN.SW,SIX,False,c2|c6|c8,3316.0,43.9
2026-08-12,GJF.OL,OSLO,False,c2|c6|c8,278.2,39.8
2026-08-12,GMAB.CO,OMX_COPENHAGEN,False,c2|c3|c4|c8,1993.0,52.5
2026-08-12,GN.CO,OMX_COPENHAGEN,False,c2|c3|c4|c6|c8,100.45,23.3
2026-08-12,GSK.L,LSE,False,c1|c4|c5|c8,1896.0,37.7
2026-08-12,GXI.DE,XETRA,False,c2|c3|c7|c8,27.36,62.8
2026-08-12,HEI.DE,XETRA,False,c1|c2|c3|c4|c5|c6|c7|c8,161.3,5.2
2026-08-12,HEIA.AS,EURONEXT_AMSTERDAM,False,c6|c8,74.84,42.1
2026-08-12,HEN3.DE,XETRA,False,c6|c8,78.12,39.5
2026-08-12,HEXA-B.ST,OMX_STOCKHOLM,False,c1|c2|c3|c4|c8,96.52,20.2
2026-08-12,HIK.L,LSE,False,c2|c3|c8,1638.0,34.6
2026-08-12,HM-B.ST,OMX_STOCKHOLM,False,c2|c4|c8,176.5,53.0
2026-08-12,HNR1.DE,XETRA,False,c2|c4|c6|c8,250.4,38.2
2026-08-12,HO.PA,EURONEXT_PARIS,False,c3|c4|c6|c8,267.8,55.6
2026-08-12,HOLM-B.ST,OMX_STOCKHOLM,False,c1|c2|c3|c4|c6|c8,323.8,17.8
2026-08-12,HOT.DE,XETRA,False,c5,444.8,95.9
2026-08-12,HSX.L,LSE,False,c5,1780.0,78.3
2026-08-12,HUH1V.HE,OMX_HELSINKI,False,c2|c4|c6|c8,31.54,44.7
2026-08-12,HWDN.L,LSE,False,c2|c3|c4|c6|c8,824.0,24.0
2026-08-12,IAG.L,LSE,False,c5|c6|c8,440.0,47.0
2026-08-12,ICG.L,LSE,False,c2|c3|c4|c8,2052.0,51.9
2026-08-12,IFX.DE,XETRA,False,c5|c7,62.85,98.2
2026-08-12,IG.MI,BORSA_ITALIANA,False,c1|c5|c6|c8,8.754,28.7
2026-08-12,IGG.L,LSE,False,c1|c5|c7|c8,1390.0,56.6
2026-08-12,III.L,LSE,False,c1|c2|c3|c4|c7|c8,2742.0,2.6
2026-08-12,IMB.L,LSE,False,c1|c2|c3|c4|c5|c6|c8,2628.0,7.8
2026-08-12,IMCD.AS,EURONEXT_AMSTERDAM,False,c8,97.72,59.4
2026-08-12,IMI.L,LSE,False,c8,3124.0,69.0
2026-08-12,INDT.ST,OMX_STOCKHOLM,False,c2|c4|c8,239.8,36.2
2026-08-12,INF.L,LSE,False,c2|c3|c6|c8,901.8,35.1
2026-08-12,INW.MI,BORSA_ITALIANA,False,c1|c2|c3|c4|c5|c6|c7|c8,6.37,3.9
2026-08-12,IP.MI,BORSA_ITALIANA,False,c1|c2|c3|c4|c6|c7|c8,37.52,8.5
2026-08-12,JMAT.L,LSE,False,c2|c3|c4|c6|c8,2184.0,35.9
2026-08-12,JMT.LS,EURONEXT_LISBON,False,c1|c2|c3|c4|c5|c6|c8,17.12,8.8
2026-08-12,JUN3.DE,XETRA,False,c1|c2|c3|c4|c6|c7|c8,24.88,3.1
2026-08-12,KBC.BR,EURONEXT_BRUSSELS,False,c8,127.3,63.6
2026-08-12,KCR.HE,OMX_HELSINKI,False,c1|c4|c8,27.86,45.2
2026-08-12,KER.PA,EURONEXT_PARIS,False,c2|c3|c4|c8,283.5,46.8
2026-08-12,KESKOB.HE,OMX_HELSINKI,False,c6|c8,21.34,54.5
2026-08-12,KGX.DE,XETRA,False,c1|c2|c3|c4|c6|c7|c8,41.15,1.0
2026-08-12,KINV-B.ST,OMX_STOCKHOLM,False,c1|c2|c3|c4|c6|c7|c8,57.24,2.8
2026-08-12,KNEBV.HE,OMX_HELSINKI,False,c1|c2|c3|c4|c6|c8,51.4,17.6
2026-08-12,KNIN.SW,SIX,False,c5|c8,197.65,64.6
2026-08-12,KOG.OL,OSLO,False,c1|c3|c4|c8,320.7,45.0
2026-08-12,KRN.DE,XETRA,False,c1|c2|c3|c4|c6|c8,115.8,15.5
2026-08-12,LAND.L,LSE,False,c8,702.0,53.7
2026-08-12,LATO-B.ST,OMX_STOCKHOLM,False,c1|c2|c3|c4|c5|c6|c8,192.7,9.6
2026-08-12,LDO.MI,BORSA_ITALIANA,False,c4|c8,58.9,61.8
2026-08-12,LEG.DE,XETRA,False,c1|c2|c3|c4|c5|c6|c7|c8,52.1,7.0
2026-08-12,LHA.DE,XETRA,False,c1|c5|c6|c8,8.24,29.7
2026-08-12,LIFCO-B.ST,OMX_STOCKHOLM,False,c2|c3|c4|c6|c8,323.4,24.8
2026-08-12,LIGHT.AS,EURONEXT_AMSTERDAM,False,c1|c2|c3|c4|c5|c6|c7|c8,15.32,5.4
2026-08-12,LOGN.SW,SIX,False,c2|c3|c6|c8,84.64,50.4
2026-08-12,LONN.SW,SIX,False,c2|c6|c8,566.2,47.5
2026-08-12,LR.PA,EURONEXT_PARIS,False,c3|c5|c6|c8,140.7,40.1
2026-08-12,LSEG.L,LSE,False,c2|c4|c6|c8,8806.0,46.0
2026-08-12,LXS.DE,XETRA,False,c1|c2|c3|c4|c7|c8,16.3,4.9
2026-08-12,MAERSK-B.CO,OMX_COPENHAGEN,False,c8,16955.0,69.5
2026-08-12,MBG.DE,XETRA,False,c1|c2|c3|c4|c6|c8,46.78,13.7
2026-08-12,MC.PA,EURONEXT_PARIS,False,c1|c2|c3|c4|c5|c6|c7|c8,478.8,18.1
2026-08-12,MELE.BR,EURONEXT_BRUSSELS,False,c5,72.25,78.8
2026-08-12,METSO.HE,OMX_HELSINKI,False,c4|c8,16.73,65.6
2026-08-12,ML.PA,EURONEXT_PARIS,False,c8,34.67,61.2
2026-08-12,MONC.MI,BORSA_ITALIANA,False,c1|c2|c4|c5|c6|c8,50.8,36.4
2026-08-12,MOWI.OL,OSLO,False,c1|c2|c3|c4|c6|c8,202.4,22.0
2026-08-12,MRO.L,LSE,False,c1|c2|c3|c4|c6|c7|c8,487.4,4.7
2026-08-12,MTX.DE,XETRA,False,c2|c3|c8,375.7,33.3
2026-08-12,MUV2.DE,XETRA,False,c2|c3|c4|c6|c8,514.6,30.0
2026-08-12,NDA-SE.ST,OMX_STOCKHOLM,False,c8,190.15,62.0
2026-08-12,NDA.DE,XETRA,False,c1|c5,171.8,87.6
2026-08-12,NEM.DE,XETRA,False,c1|c2|c3|c4|c6|c7|c8,59.65,2.3
2026-08-12,NESN.SW,SIX,False,c5|c6|c8,79.06,44.2
2026-08-12,NEX.PA,EURONEXT_PARIS,False,c5|c6|c8,138.8,38.0
2026-08-12,NG.L,LSE,False,c1|c4|c5|c6|c8,1185.5,31.3
2026-08-12,NHY.OL,OSLO,False,c1|c5,92.42,78.0
2026-08-12,NKT.CO,OMX_COPENHAGEN,False,c5,920.0,83.2
2026-08-12,NOD.OL,OSLO,False,c5,167.8,73.9
2026-08-12,NOKIA.HE,OMX_HELSINKI,False,c1|c5|c7,8.222,97.9
2026-08-12,NOVN.SW,SIX,False,c8,124.2,66.1
2026-08-12,NOVO-B.CO,OMX_COPENHAGEN,False,c2|c3|c5|c8,307.2,37.0
2026-08-12,NSIS-B.CO,OMX_COPENHAGEN,False,c2|c6|c8,418.7,42.6
2026-08-12,NWG.L,LSE,False,c8,707.4,68.7
2026-08-12,NXT.L,LSE,False,c2,15585.0,71.3
2026-08-12,OR.PA,EURONEXT_PARIS,False,c6|c8,383.7,35.4
2026-08-12,ORA.PA,EURONEXT_PARIS,False,c1|c4|c5|c6|c8,16.135,45.5
2026-08-12,ORK.OL,OSLO,False,c1|c4|c6|c8,103.9,26.4
2026-08-12,ORNBV.HE,OMX_HELSINKI,False,c8,79.35,66.7
2026-08-12,ORSTED.CO,OMX_COPENHAGEN,False,c1|c4|c5|c7|c8,143.35,19.1
2026-08-12,P911.DE,XETRA,False,c2|c5|c6|c8,44.87,43.2
2026-08-12,PAH3.DE,XETRA,False,c1|c2|c3|c4|c6|c7|c8,28.64,9.0
2026-08-12,PGHN.SW,SIX,False,c1|c2|c3|c4|c6|c7|c8,730.8,3.4
2026-08-12,PHIA.AS,EURONEXT_AMSTERDAM,False,c4|c6|c8,23.55,23.5
2026-08-12,PNDORA.CO,OMX_COPENHAGEN,False,c2|c3,778.6,72.9
2026-08-12,PNN.L,LSE,False,c1|c2|c3|c4|c5|c6|c8,463.8,14.2
2026-08-12,PRU.L,LSE,False,c1|c2|c4|c5|c6|c8,1012.5,18.3
2026-08-12,PRX.AS,EURONEXT_AMSTERDAM,False,c1|c2|c3|c4|c6|c7|c8,41.09,7.2
2026-08-12,PRY.MI,BORSA_ITALIANA,False,c5,127.55,93.3
2026-08-12,PSN.L,LSE,False,c1|c2|c3|c4|c6|c8,1163.0,15.2
2026-08-12,PSON.L,LSE,False,c5,1203.5,76.0
2026-08-12,PST.MI,BORSA_ITALIANA,False,c5,26.77,81.7
2026-08-12,PUB.PA,EURONEXT_PARIS,False,c2,98.8,86.6
2026-08-12,PUIG.MC,BME_MADRID,False,c8,17.08,50.9
2026-08-12,PUM.DE,XETRA,False,c5,26.66,86.3
2026-08-12,QIA.DE,XETRA,False,c2|c3|c4|c8,37.075,16.8
2026-08-12,RAA.DE,XETRA,False,c1|c4|c5|c6|c8,646.0,22.5
2026-08-12,RACE.MI,BORSA_ITALIANA,False,c2|c3|c8,355.6,39.0
2026-08-12,RAND.AS,EURONEXT_AMSTERDAM,False,c2,39.38,85.8
2026-08-12,RBREW.CO,OMX_COPENHAGEN,False,c1|c2|c4|c6|c8,469.4,14.7
2026-08-12,REC.MI,BORSA_ITALIANA,False,c6|c8,52.7,51.7
2026-08-12,REL.L,LSE,False,c1|c2|c3|c4|c6|c7|c8,2608.0,31.0
2026-08-12,RHM.DE,XETRA,False,c1|c2|c3|c4|c6|c7|c8,1142.2,1.3
2026-08-12,RI.PA,EURONEXT_PARIS,False,c2|c3|c4|c6|c7|c8,69.22,9.3
2026-08-12,RKT.L,LSE,False,c1|c2|c3|c4|c6|c8,5284.0,11.9
2026-08-12,RMS.PA,EURONEXT_PARIS,False,c1|c2|c3|c4|c6|c7|c8,1643.5,4.4
2026-08-12,RMV.L,LSE,False,c2|c3|c4|c6|c7|c8,484.6,17.3
2026-08-12,RNO.PA,EURONEXT_PARIS,False,c1|c2|c3|c4|c6|c8,28.54,19.9
2026-08-12,ROCK-B.CO,OMX_COPENHAGEN,False,c2|c3|c8,229.8,27.9
2026-08-12,SAAB-B.ST,OMX_STOCKHOLM,False,c4|c8,658.2,55.0
2026-08-12,SAF.PA,EURONEXT_PARIS,False,c8,361.5,68.0
2026-08-12,SALM.OL,OSLO,False,c1|c2|c3|c4|c6|c8,530.0,28.2
2026-08-12,SAMPO.HE,OMX_HELSINKI,False,c2|c6|c8,9.468,37.5
2026-08-12,SAN.PA,EURONEXT_PARIS,False,c1|c2|c3|c4|c5|c6|c8,75.4,25.1
2026-08-12,SAND.ST,OMX_STOCKHOLM,False,c5,368.2,72.1
2026-08-12,SAP.DE,XETRA,False,c2|c3|c4|c8,180.7,21.7
2026-08-12,SBMO.AS,EURONEXT_AMSTERDAM,False,c4,33.86,88.6
2026-08-12,SCA-B.ST,OMX_STOCKHOLM,False,c1|c2|c3|c4|c6|c8,109.45,18.6
2026-08-12,SCMN.SW,SIX,False,c1|c4|c6|c8,635.5,45.7
2026-08-12,SDR.L,LSE,False,c5,582.5,88.9
2026-08-12,SECU-B.ST,OMX_STOCKHOLM,False,c1|c5|c6|c8,148.4,32.0
2026-08-12,SGE.L,LSE,False,c2|c3|c4|c8,1039.5,48.6
2026-08-12,SGO.PA,EURONEXT_PARIS,False,c2|c3|c4|c6|c8,85.0,29.2
2026-08-12,SGSN.SW,SIX,False,c6|c8,96.0,51.4
2026-08-12,SHEL.L,LSE,False,c8,3356.0,67.7
2026-08-12,SHL.DE,XETRA,False,c2|c3|c4|c6|c8,39.59,18.9
2026-08-12,SIE.DE,XETRA,False,c8,280.25,63.0
2026-08-12,SIKA.SW,SIX,False,c2,193.55,74.2
2026-08-12,SKA-B.ST,OMX_STOCKHOLM,False,c6|c8,266.5,48.8
2026-08-12,SKF-B.ST,OMX_STOCKHOLM,False,c6|c8,260.6,50.1
2026-08-12,SLHN.SW,SIX,False,c6|c8,933.2,54.3
2026-08-12,SMIN.L,LSE,False,c6|c8,2642.0,41.6
2026-08-12,SN.L,LSE,False,c1|c2|c3|c4|c5|c6|c8,1108.0,10.9
2026-08-12,SOF.BR,EURONEXT_BRUSSELS,False,c2|c3|c4|c6|c8,246.6,26.6
2026-08-12,SOI.PA,EURONEXT_PARIS,False,c7,122.15,100.0
2026-08-12,SOLB.BR,EURONEXT_BRUSSELS,False,c5|c6|c8,26.46,41.9
2026-08-12,SOON.SW,SIX,False,c2|c8,240.0,62.5
2026-08-12,SPIE.PA,EURONEXT_PARIS,False,c1|c5|c6|c8,47.28,32.6
2026-08-12,SPX.L,LSE,False,c4|c6|c8,7225.0,27.1
2026-08-12,SREN.SW,SIX,False,c2|c3|c6|c8,136.85,41.3
2026-08-12,SRG.MI,BORSA_ITALIANA,False,c1|c5|c6|c8,5.764,40.3
2026-08-12,SRT3.DE,XETRA,False,c2|c4|c8,238.3,53.2
2026-08-12,SSE.L,LSE,False,c1|c4|c5|c8,2398.0,55.3
2026-08-12,STERV.HE,OMX_HELSINKI,False,c1|c4|c6|c8,9.642,20.4
2026-08-12,STJ.L,LSE,False,c1|c2|c3|c4|c6|c8,1176.5,10.3
2026-08-12,STMN.SW,SIX,False,c2|c8,104.35,40.6
2026-08-12,SVT.L,LSE,False,c4|c6|c8,3082.0,48.3
2026-08-12,TEG.DE,XETRA,False,c1|c3|c4|c6|c8,13.64,24.5
2026-08-12,TEL.OL,OSLO,False,c1|c3|c4|c5|c6|c8,133.6,10.6
2026-08-12,TEL2-B.ST,OMX_STOCKHOLM,False,c1|c4|c5|c6|c8,161.9,33.1
2026-08-12,TEMN.SW,SIX,False,c2|c4|c6|c8,71.55,37.2
2026-08-12,TEN.MI,BORSA_ITALIANA,False,c1|c5,23.23,84.5
2026-08-12,TEP.PA,EURONEXT_PARIS,False,c2,70.56,84.2
2026-08-12,TIETO.HE,OMX_HELSINKI,False,c1|c5|c8,18.65,59.7
2026-08-12,TIT.MI,BORSA_ITALIANA,False,c5,7.498,91.7
2026-08-12,TLX.DE,XETRA,False,c6|c8,114.0,42.4
2026-08-12,TOM.OL,OSLO,False,c1|c2|c3|c4|c6|c7|c8,108.3,10.1
2026-08-12,TREL-B.ST,OMX_STOCKHOLM,False,c8,435.4,65.1
2026-08-12,TRN.MI,BORSA_ITALIANA,False,c5|c6|c8,9.862,55.8
2026-08-12,TRYG.CO,OMX_COPENHAGEN,False,c1|c2|c3|c4|c6|c8,151.4,28.4
2026-08-12,TSCO.L,LSE,False,c1|c5|c6|c8,461.5,35.7
2026-08-12,TUI1.DE,XETRA,False,c1|c2|c3|c4|c6|c8,7.364,20.9
2026-08-12,UCB.BR,EURONEXT_BRUSSELS,False,c1|c3|c4|c5|c6|c8,226.2,25.3
2026-08-12,UHR.SW,SIX,False,c5|c8,193.75,63.8
2026-08-12,ULVR.L,LSE,False,c1|c2|c3|c4|c6|c8,4606.5,17.1
2026-08-12,UMG.AS,EURONEXT_AMSTERDAM,False,c1|c2|c3|c4|c5|c6|c7|c8,15.0,1.6
2026-08-12,UPM.HE,OMX_HELSINKI,False,c1|c4|c5|c6|c8,23.21,30.5
2026-08-12,URW.PA,EURONEXT_PARIS,False,c6|c8,103.45,61.5
2026-08-12,UU.L,LSE,False,c6|c8,1409.0,61.0
2026-08-12,VACN.SW,SIX,False,c5,631.0,99.2
2026-08-12,VALMT.HE,OMX_HELSINKI,False,c2|c3|c4|c8,27.14,28.9
2026-08-12,VIE.PA,EURONEXT_PARIS,False,c5|c8,34.41,59.9
2026-08-12,VNA.DE,XETRA,False,c1|c2|c3|c4|c5|c6|c8,20.89,11.4
2026-08-12,VOW3.DE,XETRA,False,c1|c2|c3|c4|c5|c6|c7|c8,75.44,7.5
2026-08-12,VPK.AS,EURONEXT_AMSTERDAM,False,c8,47.06,65.9
2026-08-12,VWS.CO,OMX_COPENHAGEN,False,c1|c4|c8,177.0,63.3
2026-08-12,WDP.BR,EURONEXT_BRUSSELS,False,c1|c4|c5|c6|c8,21.42,26.1
2026-08-12,WEIR.L,LSE,False,c1|c2|c3|c4|c6|c8,2730.0,15.8
2026-08-12,WKL.AS,EURONEXT_AMSTERDAM,False,c1|c2|c3|c4|c6|c7|c8,70.9,19.4
2026-08-12,WLN.PA,EURONEXT_PARIS,False,c1|c2|c3|c4|c6|c7|c8,11.736,0.8
2026-08-12,WRT1V.HE,OMX_HELSINKI,False,c1|c4|c5|c6|c7|c8,29.38,36.7
2026-08-12,WTB.L,LSE,False,c1|c2|c3|c4|c6|c8,2465.0,12.1
2026-08-12,YAR.OL,OSLO,False,c1|c4|c5|c6|c7|c8,422.3,47.3
2026-08-12,ZAL.DE,XETRA,False,c2|c5|c6|c8,24.07,47.8
2026-08-12,ZEAL.CO,OMX_COPENHAGEN,False,c1|c2|c3|c4|c7|c8,335.1,8.0
2026-08-12,ZURN.SW,SIX,False,c5|c6|c8,588.2,49.1
